{
  "credit": "Made with Blockbench",
  "parent": "cablex",
  "elements": [
    {
      "from": [
        0,
        8,
        7
      ],
      "to": [
        16,
        10,
        9
      ],
      "faces": {
        "north": {
          "uv": [
            0,
            0,
            16,
            2
          ],
          "texture": "#0"
        },
        "east": {
          "uv": [
            0,
            0,
            2,
            2
          ],
          "texture": "#0"
        },
        "south": {
          "uv": [
            0,
            0,
            16,
            2
          ],
          "texture": "#0"
        },
        "west": {
          "uv": [
            0,
            0,
            2,
            2
          ],
          "texture": "#missing"
        },
        "up": {
          "uv": [
            0,
            0,
            16,
            2
          ],
          "texture": "#0"
        },
        "down": {
          "uv": [
            0,
            0,
            16,
            2
          ],
          "texture": "#0"
        }
      }
    }
  ]
}