{
	"format_version": "1.12.0",
	"minecraft:geometry": [
		{
			"description": {
				"identifier": "geometry.rktable",
				"texture_width": 128,
				"texture_height": 128,
				"visible_bounds_width": 2,
				"visible_bounds_height": 3.5,
				"visible_bounds_offset": [0, 1.25, 0]
			},
			"bones": [
				{
					"name": "bb_main",
					"pivot": [0, 0, 0],
					"cubes": [
						{"origin": [-8, 0, -8], "size": [16, 6, 16], "uv": [0, 0]},
						{"origin": [6, 6, -8], "size": [2, 23, 2], "uv": [24, 41]},
						{"origin": [6, 6, 6], "size": [2, 23, 2], "uv": [16, 41]},
						{"origin": [-8, 6, 6], "size": [2, 23, 2], "uv": [8, 41]},
						{"origin": [-8, 6, -8], "size": [2, 23, 2], "uv": [0, 41]},
						{"origin": [-8, 29, -8], "size": [16, 3, 16], "uv": [0, 22]},
						{"origin": [-2, 23, -5], "size": [2, 6, 1], "pivot": [0, 0, 0], "rotation": [-17.5, 0, 0], "uv": [6, 0]},
						{"origin": [-2, 7, -21], "size": [2, 6, 1], "pivot": [0, 0, 0], "rotation": [-65, 0, 0], "uv": [0, 0]},
						{"origin": [-3, 20, -13], "size": [4, 1, 5], "pivot": [0, 0, 0], "rotation": [-17.5, 0, 0], "uv": [48, 6]},
						{"origin": [-3, 20, 1], "size": [4, 1, 5], "pivot": [0, 0, 0], "rotation": [20, 0, 0], "uv": [48, 0]},
						{"origin": [-3, 6, -3], "size": [6, 1, 6], "uv": [32, 41]}
					]
				}
			]
		}
	]
}