{
  "_fv": 17,
  "_type": "armor",
  "definition": {
    "enableHelmet": true,
    "textureHelmet": "galaxium_head",
    "enableBody": true,
    "textureBody": "galaxium_body",
    "enableLeggings": true,
    "textureLeggings": "galaxium_leggings",
    "enableBoots": true,
    "textureBoots": "galaxium_boots",
    "creativeTab": {
      "value": "CUSTOM:RisArmour"
    },
    "armorTextureFile": "galaxium",
    "helmetName": "Galaxium Helmet",
    "bodyName": "Galaxium Chestplate",
    "leggingsName": "Galaxium Leggings",
    "bootsName": "Galaxium Boots",
    "helmetSpecialInfo": [],
    "bodySpecialInfo": [],
    "leggingsSpecialInfo": [],
    "bootsSpecialInfo": [],
    "helmetModelName": "Default",
    "helmetModelPart": "Helmet",
    "helmetModelTexture": "From armor",
    "bodyModelName": "Default",
    "bodyModelPart": "Body",
    "armsModelPartL": "Arms L",
    "armsModelPartR": "Arms R",
    "bodyModelTexture": "From armor",
    "leggingsModelName": "Default",
    "leggingsModelPartL": "Leggings L",
    "leggingsModelPartR": "Leggings R",
    "leggingsModelTexture": "From armor",
    "bootsModelName": "Default",
    "bootsModelPartL": "Boots L",
    "bootsModelPartR": "Boots R",
    "bootsModelTexture": "From armor",
    "maxDamage": 15,
    "damageValueHelmet": 2,
    "damageValueBody": 5,
    "damageValueLeggings": 6,
    "damageValueBoots": 2,
    "enchantability": 9,
    "toughness": 0.0,
    "knockbackResistance": 0.0,
    "equipSound": {
      "value": "block.chain.place"
    },
    "repairItems": [
      {
        "value": "CUSTOM:GalaxiumDust"
      }
    ]
  }
}