{
  "_fv": 17,
  "_type": "recipe",
  "definition": {
    "recipeType": "Crafting",
    "xpReward": 0.0,
    "cookingTime": 200,
    "recipeRetstackSize": 3,
    "group": "",
    "recipeShapeless": false,
    "recipeSlots": [
      {
        "value": ""
      },
      {
        "value": ""
      },
      {
        "value": ""
      },
      {
        "value": "CUSTOM:KryptonianPlanks"
      },
      {
        "value": "Items.STICK"
      },
      {
        "value": "CUSTOM:KryptonianPlanks"
      },
      {
        "value": "CUSTOM:KryptonianPlanks"
      },
      {
        "value": "Items.STICK"
      },
      {
        "value": "CUSTOM:KryptonianPlanks"
      }
    ],
    "recipeReturnStack": {
      "value": "CUSTOM:KryptonianFence"
    },
    "name": "kryptonian_fence_recipe",
    "namespace": "mod"
  }
}