{
  "_fv": 17,
  "_type": "dimension",
  "definition": {
    "biomesInDimension": [
      {
        "value": "CUSTOM:MarsFlat"
      }
    ],
    "worldGenType": "Normal world gen",
    "mainFillerBlock": {
      "value": "CUSTOM:MartianSand"
    },
    "fluidBlock": {
      "value": "Blocks.FROSTED_ICE"
    },
    "airColor": {
      "value": -16777216,
      "falpha": 0.0
    },
    "canRespawnHere": true,
    "hasFog": false,
    "isDark": false,
    "doesWaterVaporize": false,
    "sleepResult": "ALLOW",
    "hasSkyLight": true,
    "imitateOverworldBehaviour": false,
    "onPlayerEntersDimension": {
      "name": "GravityPlanetOtherThanKrypton"
    },
    "onPlayerLeavesDimension": {
      "name": "ResetGravityAllPlanets"
    },
    "portalFrame": {
      "value": ""
    },
    "portalParticles": {
      "value": "EXPLOSION_NORMAL"
    },
    "portalLuminance": 0,
    "portalSound": {
      "value": "block.portal.ambient"
    },
    "igniterName": "Mars Portal Igniter",
    "igniterTab": {
      "value": "CUSTOM:Natureris"
    },
    "texture": "",
    "portalTexture": "",
    "enablePortal": false
  }
}