{
  "_fv": 17,
  "_type": "gui",
  "definition": {
    "type": 0,
    "width": 431,
    "height": 247,
    "inventoryOffsetX": 0,
    "inventoryOffsetY": 0,
    "renderBgLayer": false,
    "doesPauseGame": false,
    "components": [
      {
        "type": "image",
        "data": {
          "image": "selbackround.png",
          "use1Xscale": false,
          "name": "selbackround.png",
          "x": -57,
          "y": -7
        }
      },
      {
        "type": "image",
        "data": {
          "image": "orbit2.png",
          "use1Xscale": false,
          "name": "orbit2.png",
          "x": 120,
          "y": 17
        }
      },
      {
        "type": "image",
        "data": {
          "image": "orbitone.png",
          "use1Xscale": false,
          "name": "orbitone.png",
          "x": 66,
          "y": -14
        }
      },
      {
        "type": "label",
        "data": {
          "text": "Planets",
          "color": {
            "value": -16711936,
            "falpha": 0.0
          },
          "name": "Planets",
          "x": 198,
          "y": 2
        }
      },
      {
        "type": "image",
        "data": {
          "image": "mars.png",
          "use1Xscale": false,
          "name": "mars.png",
          "x": 108,
          "y": 110
        }
      },
      {
        "type": "image",
        "data": {
          "image": "earth.png",
          "use1Xscale": false,
          "name": "earth.png",
          "x": 147,
          "y": 66
        }
      },
      {
        "type": "image",
        "data": {
          "image": "venusorbit.png",
          "use1Xscale": false,
          "name": "venusorbit.png",
          "x": 135,
          "y": 32
        }
      },
      {
        "type": "image",
        "data": {
          "image": "venus.png",
          "use1Xscale": false,
          "name": "venus.png",
          "x": 205,
          "y": 49
        }
      },
      {
        "type": "image",
        "data": {
          "image": "mercorbitnew.png",
          "use1Xscale": false,
          "name": "mercorbitnew.png",
          "x": 190,
          "y": 82
        }
      },
      {
        "type": "image",
        "data": {
          "image": "mercury.png",
          "use1Xscale": false,
          "name": "mercury.png",
          "x": 197,
          "y": 85
        }
      },
      {
        "type": "image",
        "data": {
          "image": "sun.png",
          "use1Xscale": false,
          "name": "sun.png",
          "x": 215,
          "y": 107
        }
      },
      {
        "type": "button",
        "data": {
          "text": "Sun",
          "width": 40,
          "height": 20,
          "name": "Sun",
          "x": 17,
          "y": 32
        }
      },
      {
        "type": "button",
        "data": {
          "text": "Mercury",
          "width": 60,
          "height": 20,
          "name": "Mercury",
          "x": 17,
          "y": 58
        }
      },
      {
        "type": "button",
        "data": {
          "text": "Venus",
          "width": 50,
          "height": 20,
          "name": "Venus",
          "x": 18,
          "y": 88
        }
      },
      {
        "type": "button",
        "data": {
          "text": "Earth",
          "width": 50,
          "height": 20,
          "name": "Earth",
          "x": 18,
          "y": 118
        }
      },
      {
        "type": "button",
        "data": {
          "text": "Mars",
          "width": 45,
          "height": 20,
          "name": "Mars",
          "x": 18,
          "y": 148
        }
      },
      {
        "type": "button",
        "data": {
          "text": "Next Page >>",
          "width": 85,
          "height": 20,
          "name": "Next Page >>",
          "x": 341,
          "y": 220
        }
      },
      {
        "type": "textfield",
        "data": {
          "placeholder": "Search Planets...",
          "width": 120,
          "height": 20,
          "name": "SearchPlanets",
          "x": 303,
          "y": 5
        }
      },
      {
        "type": "label",
        "data": {
          "text": "T11",
          "color": {
            "value": -1,
            "falpha": 0.0
          },
          "name": "T11",
          "x": 60,
          "y": 33
        }
      },
      {
        "type": "label",
        "data": {
          "text": "T3",
          "color": {
            "value": -1,
            "falpha": 0.0
          },
          "name": "T3",
          "x": 79,
          "y": 63
        }
      },
      {
        "type": "label",
        "data": {
          "text": "T2",
          "color": {
            "value": -1,
            "falpha": 0.0
          },
          "name": "T2",
          "x": 74,
          "y": 90
        }
      },
      {
        "type": "label",
        "data": {
          "text": "T1",
          "color": {
            "value": -1,
            "falpha": 0.0
          },
          "name": "T1",
          "x": 72,
          "y": 118
        }
      },
      {
        "type": "label",
        "data": {
          "text": "T1",
          "color": {
            "value": -1,
            "falpha": 0.0
          },
          "name": "T1",
          "x": 71,
          "y": 150
        }
      },
      {
        "type": "image",
        "data": {
          "image": "earthorbitmoon1.png",
          "use1Xscale": false,
          "name": "earthorbitmoon1.png",
          "x": 135,
          "y": 52
        }
      },
      {
        "type": "image",
        "data": {
          "image": "mooninclass.png",
          "use1Xscale": false,
          "name": "mooninclass.png",
          "x": 157,
          "y": 51
        }
      },
      {
        "type": "image",
        "data": {
          "image": "mooninclass.png",
          "use1Xscale": false,
          "name": "mooninclass.png",
          "x": 151,
          "y": 97
        }
      }
    ]
  }
}