{
  "_fv": 17,
  "_type": "recipe",
  "definition": {
    "recipeType": "Crafting",
    "xpReward": 0.0,
    "cookingTime": 200,
    "recipeRetstackSize": 1,
    "group": "",
    "recipeShapeless": true,
    "recipeSlots": [
      {
        "value": "CUSTOM:IronPlate"
      },
      {
        "value": "CUSTOM:IronPlate"
      },
      {
        "value": "CUSTOM:IronPlate"
      },
      {
        "value": ""
      },
      {
        "value": ""
      },
      {
        "value": ""
      },
      {
        "value": ""
      },
      {
        "value": ""
      },
      {
        "value": ""
      }
    ],
    "recipeReturnStack": {
      "value": "CUSTOM:RocketPlate"
    },
    "name": "plate_rocket",
    "namespace": "mod"
  }
}