{
  "_fv": 17,
  "_type": "overlay",
  "definition": {
    "priority": "NORMAL",
    "components": [
      {
        "type": "label",
        "data": {
          "text": "You are Really In Space!",
          "color": {
            "value": -65536,
            "falpha": 0.0
          },
          "name": "You are Really In Space!",
          "x": 153,
          "y": 5
        }
      },
      {
        "type": "image",
        "data": {
          "image": "earth.png",
          "use1Xscale": false,
          "name": "earth.png",
          "x": 74,
          "y": 21
        }
      },
      {
        "type": "image",
        "data": {
          "image": "mars.png",
          "use1Xscale": false,
          "name": "mars.png",
          "x": 32,
          "y": 68
        }
      },
      {
        "type": "image",
        "data": {
          "image": "mercury.png",
          "use1Xscale": false,
          "name": "mercury.png",
          "x": 178,
          "y": 52
        }
      },
      {
        "type": "image",
        "data": {
          "image": "sun.png",
          "use1Xscale": false,
          "name": "sun.png",
          "x": 230,
          "y": 78
        }
      },
      {
        "type": "image",
        "data": {
          "image": "venus.png",
          "use1Xscale": false,
          "name": "venus.png",
          "x": 299,
          "y": 39
        }
      },
      {
        "type": "label",
        "data": {
          "text": "Really In Space 3.0 By Souldbminer",
          "color": {
            "value": -16776961,
            "falpha": 0.0
          },
          "name": "Really In Space 3.0 By Souldbminer",
          "x": 133,
          "y": 18
        }
      }
    ],
    "baseTexture": "",
    "displayCondition": {
      "name": "Cr10"
    }
  }
}