{
  "_fv": 17,
  "_type": "armor",
  "definition": {
    "enableHelmet": true,
    "textureHelmet": "spacesuit_head",
    "enableBody": true,
    "textureBody": "spacesuit_body",
    "enableLeggings": true,
    "textureLeggings": "spacesuit_leggings",
    "enableBoots": true,
    "textureBoots": "spacesuit_boots",
    "creativeTab": {
      "value": "CUSTOM:RisRockets"
    },
    "armorTextureFile": "spacesuit",
    "helmetName": "Space Suit Helmet",
    "bodyName": "Space Suit Chestplate",
    "leggingsName": "Space Suit Leggings",
    "bootsName": "Space Suit Boots",
    "helmetSpecialInfo": [],
    "bodySpecialInfo": [],
    "leggingsSpecialInfo": [],
    "bootsSpecialInfo": [],
    "helmetModelName": "Default",
    "helmetModelPart": "Helmet",
    "helmetModelTexture": "From armor",
    "bodyModelName": "Default",
    "bodyModelPart": "Body",
    "armsModelPartL": "Arms L",
    "armsModelPartR": "Arms R",
    "bodyModelTexture": "From armor",
    "leggingsModelName": "Default",
    "leggingsModelPartL": "Leggings L",
    "leggingsModelPartR": "Leggings R",
    "leggingsModelTexture": "From armor",
    "bootsModelName": "Default",
    "bootsModelPartL": "Boots L",
    "bootsModelPartR": "Boots R",
    "bootsModelTexture": "From armor",
    "maxDamage": 1024,
    "damageValueHelmet": 4,
    "damageValueBody": 10,
    "damageValueLeggings": 12,
    "damageValueBoots": 4,
    "enchantability": 18,
    "toughness": 0.0,
    "knockbackResistance": 0.0,
    "equipSound": {
      "value": "block.wood.place"
    },
    "repairItems": [
      {
        "value": "Blocks.WOOL#0"
      }
    ]
  }
}